State,Name
AL,Alabama
AK,Alaska
AZ,Arizona
AR,Arkansas
CA,California
CO,Colorado
CT,Connecticut
DE,Delaware
DC,District of Columbia
FL,Florida
GA,Georgia
HI,Hawaii
ID,Idaho
IL,Illinois
IN,Indiana
IA,Iowa
KS,Kansas
KY,Kentucky
LA,Louisiana
ME,Maine
MT,Montana
NE,Nebraska
NV,Nevada
NH,New Hampshire
NJ,New Jersey
NM,New Mexico
NY,New York
NC,North Carolina
ND,North Dakota
OH,Ohio
OK,Oklahoma
OR,Oregon
MD,Maryland
MA,Massachusetts
MI,Michigan
MN,Minnesota
MS,Mississippi
MO,Missouri
PA,Pennsylvania
RI,Rhode Island
SC,South Carolina
SD,South Dakota
TN,Tennessee
TX,Texas
UT,Utah
VT,Vermont
VA,Virginia
WA,Washington
WV,West Virginia
WI,Wisconsin
WY,Wyoming
,
,
,
,
,
,
,
,
,
,
,
,
,
,
,
,
,
,
,
,
,
,
,
,
 go to dashboard,
,
,
,
,
,
,
,
,
,
,
,
,
,
,
,
,
,
,
,
,
,
,
,
 click,
,
,
,
 click,
,
,
,
 go to gist,
,
,
,
,
,
,
,
,
,
,
 create new,
,
,
,
,
,
,
" create new repository"">",
,
,
" import a repository"">",
,
,
" create new gist"">",
,
,
" create new organization"">",
,
,
,
,
,
,
,
" create new issue"">",
,
,
,
,
,
,
,
,
 show menu,
,
,
,
,
,
,
,
,
,
 go to profile,
,
,
 go to starred repos,
,
,
 go to explore,
,
,
 go to integrations,
,
,
 go to help,
,
,
,
 go to settings,
,
,
,
 sign out,
,
,
,
,
,
,
,
,
 sign out,
,
,
,
,
,
,
,
,
,
,
,
,
,
,
,
,
,
,
,
,
,
,
,
,
,
 click Watch settings,
,
,
,
,
,
,
,
,
,
,
,
,
,
,
,
,
,
,
,
,
,
,
,
,
,
,
,
,
,
,
,
,
,
,
,
,
,
,
,
,
,
,
,
,
,
,
,
,
,
,
,
,
,
,
,
,
,
,
,
,
,
,
,
,
,
,
 click unstar button,
,
,
,
,
,
,
,
,
,
,
,
,
,
 click star button,
,
,
,
,
,
,
,
,
,
,
,
,
,
,
 show fork modal,
,
,
,
,
,
,
,
,
,
,
,
,
,
,
,
,
,
,
,
,
,
,
,
,
,
,
,
,
,
,
,
,
,
,
,
,
,
,
,
,
,
,
,
,
,
,
,
,
,
,
,
,
,
,
,
,
,
,
,
,
,
,
,
,
,
,
,
,
,
,
,
,
,
,
,
,
,
,
,
,
,
,
,
,
,
,
,
,
,
,
,
,
,
,
,
,
,
,
,
,
,
,
,
,
,
,
,
,
,
,
,
,
,
,
,
,
,
,
,
,
,
,
,
,
,
,
,
,
,
,
,
,
,
,
,
,
,
,
,
,
,
,
,
,
,
,
 2012</relative-time>,
,
,
,
,
,
,
,
,
,
,
,
,
,
,
,
,
,
,
,
,
,
,
,
,
,
,
,
,
,
,
,
,
,
,
 open with desktop,
,
,
,
,
,
,
,
,
,
,
,
,
,
,
,
,
,
,
,
,
,
,
,
,
,
,
,
,
,
,
,
,
,
,
,
,
,
,
,
,
,
,
,
,
,
,
,
,
,
,
,
,
,
,
,
,
,
,
,
,
,
,
,
,
,
,
,
,
,
,
,
,
,
,
,
,
,
,
,
,
,
,
,
,
,
,
,
,
,
,
,
,
,
,
,
,
,
,
,
,
,
,
,
,
,
,
,
,
,
,
,
,
,
,
,
,
,
,
,
,
,
,
,
,
,
,
,
,
,
,
,
,
,
,
,
,
,
,
,
,
,
,
,
,
,
,
,
,
,
,
,
,
,
,
,
,
,
,
,
,
,
,
,
,
,
,
,
,
,
,
,
,
,
,
,
,
,
,
,
,
,
,
,
,
,
,
,
,
,
,
,
,
,
,
,
,
,
,
,
,
,
,
,
,
,
,
,
,
,
,
,
,
,
,
,
,
,
,
,
,
,
,
,
,
,
,
,
,
,
,
,
,
,
,
,
,
,
,
,
,
,
,
,
,
,
,
,
,
,
,
,
,
,
,
,
,
,
,
,
,
,
,
,
,
,
,
,
,
,
,
,
,
,
,
,
,
,
,
,
,
,
,
,
,
,
,
,
,
,
,
,
,
,
,
,
,
,
,
,
,
,
,
,
,
,
,
,
,
,
,
,
,
 go to contact,
 go to api,
 go to training,
 go to shop,
 go to blog,
 go to about,
,
,
,
,
,
 Inc.</li>,
 go to terms,
 go to privacy,
 go to security,
 go to status,
 go to help,